article_id,source_id,article_num,path_title,texte,embedding,order_num,etat,ref_textes,date_deb,date_fin,update_date,versions
LEGIARTI000017961623,LEGITEXT000006072050,L1,"[""Partie législative"", ""Chapitre préliminaire : Dialogue social.""]","<p>Tout projet de réforme envisagé par le Gouvernement qui porte sur les relations individuelles et collectives du travail, l'emploi et la formation professionnelle et qui relève du champ de la négociation nationale et interprofessionnelle fait l'objet d'une concertation préalable avec les organisations syndicales de salariés et d'employeurs représentatives au niveau national et interprofessionnel en vue de l'ouverture éventuelle d'une telle négociation. </p><p>A cet effet, le Gouvernement leur communique un document d'orientation présentant des éléments de diagnostic, les objectifs poursuivis et les principales options. </p><p>Lorsqu'elles font connaître leur intention d'engager une telle négociation, les organisations indiquent également au Gouvernement le délai qu'elles estiment nécessaire pour conduire la négociation. </p><p>Le présent article n'est pas applicable en cas d'urgence. Lorsque le Gouvernement décide de mettre en oeuvre un projet de réforme en l'absence de procédure de concertation, il fait connaître cette décision aux organisations mentionnées au premier alinéa en la motivant dans un document qu'il transmet à ces organisations avant de prendre toute mesure nécessitée par l'urgence. </p>",,1073741823,VIGUEUR,,1209600000000,32472144000000,2023-12-15,
LEGIARTI000017961625,LEGITEXT000006072050,L2,"[""Partie législative"", ""Chapitre préliminaire : Dialogue social.""]","<p>Le Gouvernement soumet les projets de textes législatifs et réglementaires élaborés dans le champ défini par l'article <a href='/affichCodeArticle.do?cidTexte=LEGITEXT000006072050&idArticle=LEGIARTI000017961623&dateTexte=&categorieLien=cid' title='Code du travail - art. L1 (V)'>L. 1</a>, au vu des résultats de la procédure de concertation et de négociation, à la Commission nationale de la négociation collective, de l'emploi et de la formation professionnelle dans les conditions prévues à l'article <a href='/affichCodeArticle.do?cidTexte=LEGITEXT000006072050&idArticle=LEGIARTI000006901822&dateTexte=&categorieLien=cid'>L. 2271-1</a>.</p>",,1610612735,VIGUEUR,,1622505600000,32472144000000,2023-12-15,
LEGIARTI000017961627,LEGITEXT000006072050,L3,"[""Partie législative"", ""Chapitre préliminaire : Dialogue social.""]","<p></p><p>Chaque année, les orientations de la politique du Gouvernement dans les domaines des relations individuelles et collectives du travail, de l'emploi et de la formation professionnelle, ainsi que le calendrier envisagé pour leur mise en oeuvre sont présentés pour l'année à venir devant la Commission nationale de la négociation collective, de l'emploi et de la formation professionnelle. Les organisations mentionnées à l'article <a href='/affichCodeArticle.do?cidTexte=LEGITEXT000006072050&idArticle=LEGIARTI000017961623&dateTexte=&categorieLien=cid'>L. 1 </a>présentent, pour leur part, l'état d'avancement des négociations interprofessionnelles en cours ainsi que le calendrier de celles qu'elles entendent mener ou engager dans l'année à venir. Le compte rendu des débats est publié.</p><p>Chaque année, le Gouvernement remet au Parlement un rapport faisant état de toutes les procédures de concertation et de consultation mises en oeuvre pendant l'année écoulée en application des articles L. 1 et <a href='/affichCodeArticle.do?cidTexte=LEGITEXT000006072050&idArticle=LEGIARTI000042654546&dateTexte=&categorieLien=id' title='Code du travail - art. L2 (VD)'>L. 2</a>, des différents domaines dans lesquels ces procédures sont intervenues et des différentes phases de ces procédures.</p><p></p>",,1879048191,VIGUEUR,,1622505600000,32472144000000,2023-12-15,
LEGIARTI000006900781,LEGITEXT000006072050,L1111-1,"[""Partie législative"", ""Première partie : Les relations individuelles de travail"", ""Livre Ier : Dispositions préliminaires"", ""Titre Ier : Champ d'application et calcul des seuils d'effectifs"", ""Chapitre unique.""]","<p>Les dispositions du présent livre sont applicables aux employeurs de droit privé ainsi qu'à leurs salariés.</p><p>Elles sont également applicables au personnel des personnes publiques employé dans les conditions du droit privé, sous réserve des dispositions particulières ayant le même objet résultant du statut qui régit ce personnel.</p>",,42949,VIGUEUR,,1209600000000,32472144000000,2023-12-15,
LEGIARTI000006900783,LEGITEXT000006072050,L1111-2,"[""Partie législative"", ""Première partie : Les relations individuelles de travail"", ""Livre Ier : Dispositions préliminaires"", ""Titre Ier : Champ d'application et calcul des seuils d'effectifs"", ""Chapitre unique.""]","<p>Pour la mise en oeuvre des dispositions du présent code, les effectifs de l'entreprise sont calculés conformément aux dispositions suivantes :</p><p>1° Les salariés titulaires d'un contrat de travail à durée indéterminée à temps plein et les travailleurs à domicile sont pris intégralement en compte dans l'effectif de l'entreprise ;</p><p>2° Les salariés titulaires d'un contrat de travail à durée déterminée, les salariés titulaires d'un contrat de travail intermittent, les salariés mis à la disposition de l'entreprise par une entreprise extérieure qui sont présents dans les locaux de l'entreprise utilisatrice et y travaillent depuis au moins un an, ainsi que les salariés temporaires, sont pris en compte dans l'effectif de l'entreprise à due proportion de leur temps de présence au cours des douze mois précédents. Toutefois, les salariés titulaires d'un contrat de travail à durée déterminée et les salariés mis à disposition par une entreprise extérieure, y compris les salariés temporaires, sont exclus du décompte des effectifs lorsqu'ils remplacent un salarié absent ou dont le contrat de travail est suspendu, notamment du fait d'un congé de maternité, d'un congé d'adoption ou d'un congé parental d'éducation ;</p><p>3° Les salariés à temps partiel, quelle que soit la nature de leur contrat de travail, sont pris en compte en divisant la somme totale des horaires inscrits dans leurs contrats de travail par la durée légale ou la durée conventionnelle du travail.</p>",,85898,VIGUEUR,,1219363200000,32472144000000,2023-12-15,
LEGIARTI000006900784,LEGITEXT000006072050,L1111-3,"[""Partie législative"", ""Première partie : Les relations individuelles de travail"", ""Livre Ier : Dispositions préliminaires"", ""Titre Ier : Champ d'application et calcul des seuils d'effectifs"", ""Chapitre unique.""]","<p>Ne sont pas pris en compte dans le calcul des effectifs de l'entreprise :</p><p>1° Les apprentis ;</p><p>2° Les titulaires d'un contrat initiative-emploi, pendant la durée d'attribution de l'aide financière mentionnée à l'article <a href='/affichCodeArticle.do?cidTexte=LEGITEXT000006072050&idArticle=LEGIARTI000006903610&dateTexte=&categorieLien=cid'>L. 5134-72</a> ;</p><p>3° (Abrogé) ;</p><p>4° Les titulaires d'un contrat d'accompagnement dans l'emploi pendant la durée d'attribution de l'aide financière mentionnée à l'article <a href='/affichCodeArticle.do?cidTexte=LEGITEXT000006072050&idArticle=LEGIARTI000006903558&dateTexte=&categorieLien=cid'>L. 5134-30</a> ;</p><p>5° (Abrogé) ;</p><p>6° Les titulaires d'un contrat de professionnalisation jusqu'au terme prévu par le contrat lorsque celui-ci est à durée déterminée ou jusqu'à la fin de l'action de professionnalisation lorsque le contrat est à durée indéterminée.</p><p>Toutefois, ces salariés sont pris en compte pour l'application des dispositions légales relatives à la tarification des risques d'accidents du travail et de maladies professionnelles.</p>",,128847,VIGUEUR,,1451606400000,32472144000000,2023-12-15,
LEGIARTI000006900785,LEGITEXT000006072050,L1121-1,"[""Partie législative"", ""Première partie : Les relations individuelles de travail"", ""Livre Ier : Dispositions préliminaires"", ""Titre II : Droits et libertés dans l'entreprise"", ""Chapitre unique.""]",<p></p>   Nul ne peut apporter aux droits des personnes et aux libertés individuelles et collectives de restrictions qui ne seraient pas justifiées par la nature de la tâche à accomplir ni proportionnées au but recherché.<p></p><p></p>,,42949,VIGUEUR,,1209600000000,32472144000000,2023-12-15,
LEGIARTI000045389794,LEGITEXT000006072050,L1121-2,"[""Partie législative"", ""Première partie : Les relations individuelles de travail"", ""Livre Ier : Dispositions préliminaires"", ""Titre II : Droits et libertés dans l'entreprise"", ""Chapitre unique.""]","<p>Aucune personne ne peut être écartée d'une procédure de recrutement ou de l'accès à un stage ou à une période de formation en entreprise, aucun salarié ne peut être sanctionné, licencié ni faire l'objet d'une mesure discriminatoire, directe ou indirecte, notamment en matière de rémunération, au sens de l'article <a href='/affichCodeArticle.do?cidTexte=LEGITEXT000006072050&idArticle=LEGIARTI000006902819&dateTexte=&categorieLien=cid' title='Code du travail - art. L3221-3 (V)'>L. 3221-3</a>, de mesures d'intéressement ou de distribution d'actions, de formation, de reclassement, d'affectation, de qualification, de classification, de promotion professionnelle, d'horaires de travail, d'évaluation de la performance, de mutation ou de renouvellement de contrat, ni de toute autre mesure mentionnée au <a href='/affichTexteArticle.do?cidTexte=JORFTEXT000033558528&idArticle=LEGIARTI000045389744&dateTexte=&categorieLien=cid' title='LOI n°2016-1691 du 9 décembre 2016 - art. 10-1 (V)'>II de l'article 10-1 de la loi n° 2016-1691 du 9 décembre 2016 </a>relative à la transparence, à la lutte contre la corruption et à la modernisation de la vie économique, pour avoir signalé ou divulgué des informations dans les conditions prévues aux articles <a href='/affichTexteArticle.do?cidTexte=JORFTEXT000033558528&idArticle=JORFARTI000033558655&categorieLien=cid' title='LOI n° 2016-1691 du 9 décembre 2016 - art. 6 (V)'>6 </a>et <a href='/affichTexteArticle.do?cidTexte=JORFTEXT000033558528&idArticle=JORFARTI000033558657&categorieLien=cid' title='LOI n° 2016-1691 du 9 décembre 2016 - art. 8 (V)'>8</a> de la même loi.</p>",,1073763298,VIGUEUR,,1661990400000,32472144000000,2023-12-15,
LEGIARTI000006900786,LEGITEXT000006072050,L1131-1,"[""Partie législative"", ""Première partie : Les relations individuelles de travail"", ""Livre Ier : Dispositions préliminaires"", ""Titre III : Discriminations"", ""Chapitre Ier : Champ d'application.""]",<p>Les dispositions du présent titre sont applicables aux employeurs de droit privé ainsi qu'à leurs salariés.</p><p>Elles sont également applicables au personnel des personnes publiques employé dans les conditions du droit privé.</p>,,42949,VIGUEUR,,1209600000000,32472144000000,2023-12-15,
LEGIARTI000033957384,LEGITEXT000006072050,L1131-2,"[""Partie législative"", ""Première partie : Les relations individuelles de travail"", ""Livre Ier : Dispositions préliminaires"", ""Titre III : Discriminations"", ""Chapitre Ier : Champ d'application.""]","<p>Dans toute entreprise employant au moins trois cents salariés et dans toute entreprise spécialisée dans le recrutement, les employés chargés des missions de recrutement reçoivent une formation à la non-discrimination à l'embauche au moins une fois tous les cinq ans.</p>",,1073763298,VIGUEUR,,1485648000000,32472144000000,2023-12-15,
LEGIARTI000006900787,LEGITEXT000006072050,L1132-1,"[""Partie législative"", ""Première partie : Les relations individuelles de travail"", ""Livre Ier : Dispositions préliminaires"", ""Titre III : Discriminations"", ""Chapitre II : Principe de non-discrimination.""]","<p></p><p>Aucune personne ne peut être écartée d'une procédure de recrutement ou de nomination ou de l'accès à un stage ou à une période de formation en entreprise, aucun salarié ne peut être sanctionné, licencié ou faire l'objet d'une mesure discriminatoire, directe ou indirecte, telle que définie à <a href='/affichTexteArticle.do?cidTexte=JORFTEXT000018877783&idArticle=JORFARTI000018877784&categorieLien=cid'>l'article 1er de la loi n° 2008-496 du 27 mai 2008 </a>portant diverses dispositions d'adaptation au droit communautaire dans le domaine de la lutte contre les discriminations, notamment en matière de rémunération, au sens de l'article <a href='/affichCodeArticle.do?cidTexte=LEGITEXT000006072050&idArticle=LEGIARTI000006902819&dateTexte=&categorieLien=cid'>L. 3221-3</a>, de mesures d'intéressement ou de distribution d'actions, de formation, de reclassement, d'affectation, de qualification, de classification, de promotion professionnelle, d'horaires de travail, d'évaluation de la performance, de mutation ou de renouvellement de contrat en raison de son origine, de son sexe, de ses mœurs, de son orientation sexuelle, de son identité de genre, de son âge, de sa situation de famille ou de sa grossesse, de ses caractéristiques génétiques, de la particulière vulnérabilité résultant de sa situation économique, apparente ou connue de son auteur, de son appartenance ou de sa non-appartenance, vraie ou supposée, à une ethnie, une nation ou une prétendue race, de ses opinions politiques, de ses activités syndicales ou mutualistes, de son exercice d'un mandat électif, de ses convictions religieuses, de son apparence physique, de son nom de famille, de son lieu de résidence ou de sa domiciliation bancaire, ou en raison de son état de santé, de sa perte d'autonomie ou de son handicap, de sa capacité à s'exprimer dans une langue autre que le français, de sa qualité de lanceur d'alerte, de facilitateur ou de personne en lien avec un lanceur d'alerte, au sens, respectivement, du I de l'article 6 et des 1° et 2° de l'<a href='/affichTexteArticle.do?cidTexte=JORFTEXT000033558528&idArticle=LEGIARTI000045389619&dateTexte=&categorieLien=cid' title='LOI n° 2016-1691 du 9 décembre 2016 - art. 6-1 (V)'>article 6-1 de la loi n° 2016-1691 du 9 décembre 2016</a> relative à la transparence, à la lutte contre la corruption et à la modernisation de la vie économique.</p><p></p>",,42949,VIGUEUR,,1661990400000,32472144000000,2023-12-15,
LEGIARTI000006900789,LEGITEXT000006072050,L1132-2,"[""Partie législative"", ""Première partie : Les relations individuelles de travail"", ""Livre Ier : Dispositions préliminaires"", ""Titre III : Discriminations"", ""Chapitre II : Principe de non-discrimination.""]","<p></p>Aucun salarié ne peut être sanctionné, licencié ou faire l'objet d'une mesure discriminatoire mentionnée à <a href='/affichCodeArticle.do?cidTexte=LEGITEXT000006072050&idArticle=LEGIARTI000006900787&dateTexte=&categorieLien=cid' title='Code du travail - art. L1132-1 (V)'>l'article L. 1132-1</a> en raison de l'exercice normal du droit de grève.<p></p><p></p>",,85898,VIGUEUR,,1209600000000,32472144000000,2023-12-15,
LEGIARTI000006900790,LEGITEXT000006072050,L1132-3,"[""Partie législative"", ""Première partie : Les relations individuelles de travail"", ""Livre Ier : Dispositions préliminaires"", ""Titre III : Discriminations"", ""Chapitre II : Principe de non-discrimination.""]","<p></p>Aucun salarié ne peut être sanctionné, licencié ou faire l'objet d'une mesure discriminatoire pour avoir témoigné des agissements définis aux articles <a href='/affichCodeArticle.do?cidTexte=LEGITEXT000006072050&idArticle=LEGIARTI000006900787&dateTexte=&categorieLien=cid' title='Code du travail - art. L1132-1 (V)'>L. 1132-1 </a>et <a href='/affichCodeArticle.do?cidTexte=LEGITEXT000006072050&idArticle=LEGIARTI000006900789&dateTexte=&categorieLien=cid' title='Code du travail - art. L1132-2 (V)'>L. 1132-2</a> ou pour les avoir relatés.<p></p><p></p>",,128847,VIGUEUR,,1209600000000,32472144000000,2023-12-15,
LEGIARTI000024459527,LEGITEXT000006072050,L1132-3-1,"[""Partie législative"", ""Première partie : Les relations individuelles de travail"", ""Livre Ier : Dispositions préliminaires"", ""Titre III : Discriminations"", ""Chapitre II : Principe de non-discrimination.""]","Aucun salarié ne peut être sanctionné, licencié ou faire l'objet d'une mesure discriminatoire mentionnée à <a href='/affichCodeArticle.do?cidTexte=LEGITEXT000006072050&idArticle=LEGIARTI000006900787&dateTexte=&categorieLien=cid' title='Code du travail - art. L1132-1 (V)'>l'article L. 1132-1</a> en raison de l'exercice des fonctions de juré ou de citoyen assesseur.",,150321,VIGUEUR,,1313107200000,32472144000000,2023-12-15,
LEGIARTI000027417658,LEGITEXT000006072050,L1132-3-2,"[""Partie législative"", ""Première partie : Les relations individuelles de travail"", ""Livre Ier : Dispositions préliminaires"", ""Titre III : Discriminations"", ""Chapitre II : Principe de non-discrimination.""]","Aucun salarié ne peut être sanctionné, licencié ou faire l'objet d'une mesure discriminatoire mentionnée à l'article <a href='/affichCodeArticle.do?cidTexte=LEGITEXT000006072050&idArticle=LEGIARTI000006900787&dateTexte=&categorieLien=cid'>L. 1132-1</a> pour avoir refusé en raison de son orientation sexuelle une mutation géographique dans un Etat incriminant l'homosexualité.",,161058,VIGUEUR,,1368921600000,32472144000000,2023-12-15,
LEGIARTI000028284702,LEGITEXT000006072050,L1132-3-3,"[""Partie législative"", ""Première partie : Les relations individuelles de travail"", ""Livre Ier : Dispositions préliminaires"", ""Titre III : Discriminations"", ""Chapitre II : Principe de non-discrimination.""]","<p>Aucune personne ayant témoigné, de bonne foi, de faits constitutifs d'un délit ou d'un crime dont elle a eu connaissance dans l'exercice de ses fonctions ou ayant relaté de tels faits ne peut faire l'objet des mesures mentionnées à l'article <a href='/affichCodeArticle.do?cidTexte=LEGITEXT000006072050&idArticle=LEGIARTI000045389794&dateTexte=&categorieLien=cid' title='Code du travail - art. L1121-2 (V)'>L. 1121-2</a>. <br/><br/>Les personnes mentionnées au premier alinéa du présent article bénéficient des protections prévues aux I et III de l'article <a href='/affichTexteArticle.do?cidTexte=JORFTEXT000033558528&idArticle=LEGIARTI000045389744&dateTexte=&categorieLien=cid' title='LOI n° 2016-1691 du 9 décembre 2016 - art. 10-1 (V)'>10-1 </a>et aux articles <a href='/affichTexteArticle.do?cidTexte=JORFTEXT000033558528&idArticle=JORFARTI000033558661&categorieLien=cid' title='LOI n° 2016-1691 du 9 décembre 2016 - art. 12 (V)'>12 à 13-1 de la loi n° 2016-1691 du 9 décembre 2016</a> relative à la transparence, à la lutte contre la corruption et à la modernisation de la vie économique.</p>",,166427,VIGUEUR,,1661990400000,32472144000000,2023-12-15,
LEGIARTI000006900791,LEGITEXT000006072050,L1132-4,"[""Partie législative"", ""Première partie : Les relations individuelles de travail"", ""Livre Ier : Dispositions préliminaires"", ""Titre III : Discriminations"", ""Chapitre II : Principe de non-discrimination.""]","<p>Toute disposition ou tout acte pris à l'égard d'un salarié en méconnaissance des dispositions du présent chapitre ou du <a href='/affichTexteArticle.do?cidTexte=JORFTEXT000033558528&idArticle=LEGIARTI000045389744&dateTexte=&categorieLien=cid' title='LOI n°2016-1691 du 9 décembre 2016 - art. 10-1 (V)'>II de l'article 10-1 de la loi n° 2016-1691 du 9 décembre 2016</a> relative à la transparence, à la lutte contre la corruption et à la modernisation de la vie économique est nul.</p>",,171796,VIGUEUR,,1661990400000,32472144000000,2023-12-15,
LEGIARTI000006900792,LEGITEXT000006072050,L1133-1,"[""Partie législative"", ""Première partie : Les relations individuelles de travail"", ""Livre Ier : Dispositions préliminaires"", ""Titre III : Discriminations"", ""Chapitre III : Différences de traitement autorisées.""]","<p><a href='/affichCodeArticle.do?cidTexte=LEGITEXT000006072050&idArticle=LEGIARTI000006900787&dateTexte=&categorieLien=cid' title='Code du travail - art. L1132-1 (V)'>L'article L. 1132-1</a> ne fait pas obstacle aux différences de traitement, lorsqu'elles répondent à une exigence professionnelle essentielle et déterminante et pour autant que l'objectif soit légitime et l'exigence proportionnée.</p>",,42949,VIGUEUR,,1209600000000,32472144000000,2023-12-15,
LEGIARTI000006900793,LEGITEXT000006072050,L1133-2,"[""Partie législative"", ""Première partie : Les relations individuelles de travail"", ""Livre Ier : Dispositions préliminaires"", ""Titre III : Discriminations"", ""Chapitre III : Différences de traitement autorisées.""]","<p>Les différences de traitement fondées sur l'âge ne constituent pas une discrimination lorsqu'elles sont objectivement et raisonnablement justifiées par un but légitime, notamment par le souci de préserver la santé ou la sécurité des travailleurs, de favoriser leur insertion professionnelle, d'assurer leur emploi, leur reclassement ou leur indemnisation en cas de perte d'emploi, et lorsque les moyens de réaliser ce but sont nécessaires et appropriés.</p><p>Ces différences peuvent notamment consister en :</p><p>1° L'interdiction de l'accès à l'emploi ou la mise en place de conditions de travail spéciales en vue d'assurer la protection des jeunes et des travailleurs âgés ;</p><p>2° La fixation d'un âge maximum pour le recrutement, fondée sur la formation requise pour le poste concerné ou la nécessité d'une période d'emploi raisonnable avant la retraite.</p>",,85898,VIGUEUR,,1212019200000,32472144000000,2023-12-15,
LEGIARTI000006900794,LEGITEXT000006072050,L1133-3,"[""Partie législative"", ""Première partie : Les relations individuelles de travail"", ""Livre Ier : Dispositions préliminaires"", ""Titre III : Discriminations"", ""Chapitre III : Différences de traitement autorisées.""]","<p>Les différences de traitement fondées sur l'inaptitude constatée par le médecin du travail en raison de l'état de santé ou du handicap ne constituent pas une discrimination lorsqu'elles sont objectives, nécessaires et appropriées.</p>",,128847,VIGUEUR,,1212019200000,32472144000000,2023-12-15,
LEGIARTI000018880667,LEGITEXT000006072050,L1133-4,"[""Partie législative"", ""Première partie : Les relations individuelles de travail"", ""Livre Ier : Dispositions préliminaires"", ""Titre III : Discriminations"", ""Chapitre III : Différences de traitement autorisées.""]","<p></p>Les mesures prises en faveur des personnes handicapées et visant à favoriser l'égalité de traitement, prévues à l'article <a href='/affichCodeArticle.do?cidTexte=LEGITEXT000006072050&idArticle=LEGIARTI000006903704&dateTexte=&categorieLien=cid'>L. 5213-6</a> ne constituent pas une discrimination.<p></p><p></p>",,1879064297,VIGUEUR,,1212019200000,32472144000000,2023-12-15,
LEGIARTI000028639105,LEGITEXT000006072050,L1133-5,"[""Partie législative"", ""Première partie : Les relations individuelles de travail"", ""Livre Ier : Dispositions préliminaires"", ""Titre III : Discriminations"", ""Chapitre III : Différences de traitement autorisées.""]",<p>Les mesures prises en faveur des personnes résidant dans certaines zones géographiques et visant à favoriser l'égalité de traitement ne constituent pas une discrimination. </p>,,2013273972,VIGUEUR,,1393113600000,32472144000000,2023-12-15,
LEGIARTI000032770734,LEGITEXT000006072050,L1133-6,"[""Partie législative"", ""Première partie : Les relations individuelles de travail"", ""Livre Ier : Dispositions préliminaires"", ""Titre III : Discriminations"", ""Chapitre III : Différences de traitement autorisées.""]",<p>Les mesures prises en faveur des personnes vulnérables en raison de leur situation économique et visant à favoriser l'égalité de traitement ne constituent pas une discrimination. </p>,,2080378809,VIGUEUR,,1466899200000,32472144000000,2023-12-15,
LEGIARTI000006900795,LEGITEXT000006072050,L1134-1,"[""Partie législative"", ""Première partie : Les relations individuelles de travail"", ""Livre Ier : Dispositions préliminaires"", ""Titre III : Discriminations"", ""Chapitre IV : Actions en justice."", ""Section 1 : Dispositions communes""]","<p>Lorsque survient un litige en raison d'une méconnaissance des dispositions du chapitre II, le candidat à un emploi, à un stage ou à une période de formation en entreprise ou le salarié présente des éléments de fait laissant supposer l'existence d'une discrimination directe ou indirecte, telle que définie à l'article 1er de la <a href='/affichTexte.do?cidTexte=JORFTEXT000018877783&categorieLien=cid'>loi n° 2008-496</a> du 27 mai 2008 portant diverses dispositions d'adaptation au droit communautaire dans le domaine de la lutte contre les discriminations. </p><p>Au vu de ces éléments, il incombe à la partie défenderesse de prouver que sa décision est justifiée par des éléments objectifs étrangers à toute discrimination. </p><p>Le juge forme sa conviction après avoir ordonné, en cas de besoin, toutes les mesures d'instruction qu'il estime utiles.</p>",,357913941,VIGUEUR,,1479600000000,32472144000000,2023-12-15,
LEGIARTI000006900796,LEGITEXT000006072050,L1134-2,"[""Partie législative"", ""Première partie : Les relations individuelles de travail"", ""Livre Ier : Dispositions préliminaires"", ""Titre III : Discriminations"", ""Chapitre IV : Actions en justice."", ""Section 1 : Dispositions communes""]","<p>Les organisations syndicales représentatives au niveau national, au niveau départemental ou de la collectivité en Guadeloupe, en Guyane, en Martinique, à Mayotte, à La Réunion, à Saint-Barthélemy et à Saint-Martin, ou dans l'entreprise peuvent exercer en justice toutes les actions résultant de l'application des dispositions du chapitre II.</p><p>Elles peuvent exercer ces actions en faveur d'un candidat à un emploi, à un stage ou une période de formation en entreprise, ou d'un salarié, dans les conditions prévues par l'article <a href='/affichCodeArticle.do?cidTexte=LEGITEXT000006072050&idArticle=LEGIARTI000006900795&dateTexte=&categorieLien=cid'>L. 1134-1</a>.</p><p>L'organisation syndicale n'a pas à justifier d'un mandat de l'intéressé. Il suffit que celui-ci ait été averti par écrit de cette action et ne s'y soit pas opposé dans un délai de quinze jours à compter de la date à laquelle l'organisation syndicale lui a notifié son intention d'agir.</p><p>L'intéressé peut toujours intervenir à l'instance engagée par le syndicat.</p>",,715827882,VIGUEUR,,1514764800000,32472144000000,2023-12-15,
LEGIARTI000006900798,LEGITEXT000006072050,L1134-3,"[""Partie législative"", ""Première partie : Les relations individuelles de travail"", ""Livre Ier : Dispositions préliminaires"", ""Titre III : Discriminations"", ""Chapitre IV : Actions en justice."", ""Section 1 : Dispositions communes""]","<p></p>Les associations régulièrement constituées depuis cinq ans au moins pour la lutte contre les discriminations ou oeuvrant dans le domaine du handicap peuvent exercer en justice toutes actions résultant de l'application des dispositions du chapitre II. <p></p><p></p>Elles peuvent exercer ces actions en faveur d'un candidat à un emploi, à un stage ou une période de formation en entreprise ou d'un salarié dans les conditions prévues à <a href='/affichCodeArticle.do?cidTexte=LEGITEXT000006072050&idArticle=LEGIARTI000033461510&dateTexte=&categorieLien=id' title='Code du travail - art. L1134-1 (V)'>l'article L. 1134-1</a>, sous réserve de justifier d'un accord écrit de l'intéressé.<p></p><p></p>L'intéressé peut toujours intervenir à l'instance engagée par l'association et y mettre un terme à tout moment.<p></p>",,1073741823,VIGUEUR,,1479600000000,32472144000000,2023-12-15,
LEGIARTI000006900799,LEGITEXT000006072050,L1134-4,"[""Partie législative"", ""Première partie : Les relations individuelles de travail"", ""Livre Ier : Dispositions préliminaires"", ""Titre III : Discriminations"", ""Chapitre IV : Actions en justice."", ""Section 1 : Dispositions communes""]","<p>Est nul et de nul effet le licenciement d'un salarié faisant suite à une action en justice engagée par ce salarié ou en sa faveur, sur le fondement des dispositions du chapitre II, lorsqu'il est établi que le licenciement n'a pas de cause réelle et sérieuse et constitue en réalité une mesure prise par l'employeur en raison de cette action en justice. Dans ce cas, la réintégration est de droit et le salarié est regardé comme n'ayant jamais cessé d'occuper son emploi. </p><p>Lorsque le salarié refuse de poursuivre l'exécution du contrat de travail, les dispositions de l'<a href='/affichCodeArticle.do?cidTexte=LEGITEXT000006072050&idArticle=LEGIARTI000033014237&dateTexte=&categorieLien=cid' title='Code du travail - art. L1235-3-1 (V)'>article L. 1235-3-1</a> sont applicables.</p><p></p>",,1431655764,VIGUEUR,,1506211200000,32472144000000,2023-12-15,
LEGIARTI000019015817,LEGITEXT000006072050,L1134-5,"[""Partie législative"", ""Première partie : Les relations individuelles de travail"", ""Livre Ier : Dispositions préliminaires"", ""Titre III : Discriminations"", ""Chapitre IV : Actions en justice."", ""Section 1 : Dispositions communes""]","L'action en réparation du préjudice résultant d'une discrimination se prescrit par cinq ans à compter de la révélation de la discrimination. <br/><br/> Ce délai n'est pas susceptible d'aménagement conventionnel. <br/><br/> Les dommages et intérêts réparent l'entier préjudice résultant de la discrimination, pendant toute sa durée.",,1789569705,VIGUEUR,,1483228800000,32472144000000,2023-12-15,
LEGIARTI000033437826,LEGITEXT000006072050,L1134-6,"[""Partie législative"", ""Première partie : Les relations individuelles de travail"", ""Livre Ier : Dispositions préliminaires"", ""Titre III : Discriminations"", ""Chapitre IV : Actions en justice."", ""Section 2 : Dispositions spécifiques à l'action de groupe""]","<p align='left'>Sous réserve des articles <a href='/affichCodeArticle.do?cidTexte=LEGITEXT000006072050&idArticle=LEGIARTI000033437828&dateTexte=&categorieLien=cid' title='Code du travail - art. L1134-7 (V)'>L. 1134-7 à L. 1134-10</a>, le chapitre Ier du titre V de la <a href='/affichTexte.do?cidTexte=JORFTEXT000033418805&categorieLien=cid' title='LOI n°2016-1547 du 18 novembre 2016 (V)'>loi n° 2016-1547 du 18 novembre 2016</a> de modernisation de la justice du XXIe siècle s'applique à l'action de groupe prévue à la présente section.</p>",,1073741823,VIGUEUR,,1479600000000,32472144000000,2023-12-15,
LEGIARTI000033437828,LEGITEXT000006072050,L1134-7,"[""Partie législative"", ""Première partie : Les relations individuelles de travail"", ""Livre Ier : Dispositions préliminaires"", ""Titre III : Discriminations"", ""Chapitre IV : Actions en justice."", ""Section 2 : Dispositions spécifiques à l'action de groupe""]","<p align='left'>Une organisation syndicale de salariés représentative au sens des articles <a href='/affichCodeArticle.do?cidTexte=LEGITEXT000006072050&idArticle=LEGIARTI000006901582&dateTexte=&categorieLien=cid' title='Code du travail - art. L2122-1 (V)'>L. 2122-1</a>, <a href='/affichCodeArticle.do?cidTexte=LEGITEXT000006072050&idArticle=LEGIARTI000019347598&dateTexte=&categorieLien=cid' title='Code du travail - art. L2122-5 (V)'>L. 2122-5 </a>ou <a href='/affichCodeArticle.do?cidTexte=LEGITEXT000006072050&idArticle=LEGIARTI000019347716&dateTexte=&categorieLien=cid' title='Code du travail - art. L2122-9 (V)'>L. 2122-9 </a>peut agir devant une juridiction civile afin d'établir que plusieurs candidats à un emploi, à un stage ou à une période de formation en entreprise ou plusieurs salariés font l'objet d'une discrimination, directe ou indirecte, fondée sur un même motif figurant parmi ceux mentionnés à l'article <a href='/affichCodeArticle.do?cidTexte=LEGITEXT000006072050&idArticle=LEGIARTI000006900787&dateTexte=&categorieLien=cid' title='Code du travail - art. L1132-1 (V)'>L. 1132-1</a> et imputable à un même employeur. </p><p align='left'><br/>Une association régulièrement déclarée depuis au moins cinq ans intervenant dans la lutte contre les discriminations ou œuvrant dans le domaine du handicap peut agir aux mêmes fins, pour la défense des intérêts de plusieurs candidats à un emploi ou à un stage en entreprise. </p><p align='left'>Pour l'application du présent article, l'organisation syndicale mentionnée au premier alinéa peut, si elle le souhaite, recueillir l'aide d'une association mentionnée au deuxième alinéa.</p>",,1610612735,VIGUEUR,,1485648000000,32472144000000,2023-12-15,
LEGIARTI000033437830,LEGITEXT000006072050,L1134-8,"[""Partie législative"", ""Première partie : Les relations individuelles de travail"", ""Livre Ier : Dispositions préliminaires"", ""Titre III : Discriminations"", ""Chapitre IV : Actions en justice."", ""Section 2 : Dispositions spécifiques à l'action de groupe""]","<p align='left'>L'action peut tendre à la cessation du manquement et, le cas échéant, en cas de manquement, à la réparation des préjudices subis. <br/>Sauf en ce qui concerne les candidats à un emploi, à un stage ou à une période de formation, sont seuls indemnisables dans le cadre de l'action de groupe les préjudices nés après la réception de la demande mentionnée à l'article <a href='/affichCodeArticle.do?cidTexte=LEGITEXT000006072050&idArticle=LEGIARTI000033437832&dateTexte=&categorieLien=cid' title='Code du travail - art. L1134-9 (V)'>L. 1134-9</a>.<br/></p>",,1879048191,VIGUEUR,,1479600000000,32472144000000,2023-12-15,
LEGIARTI000033437832,LEGITEXT000006072050,L1134-9,"[""Partie législative"", ""Première partie : Les relations individuelles de travail"", ""Livre Ier : Dispositions préliminaires"", ""Titre III : Discriminations"", ""Chapitre IV : Actions en justice."", ""Section 2 : Dispositions spécifiques à l'action de groupe""]","<p></p><p align='left'>Par dérogation à l'article <a href='/affichTexteArticle.do?cidTexte=JORFTEXT000033418805&idArticle=JORFARTI000033418947&categorieLien=cid'>64 </a>de la loi n° 2016-1547 du 18 novembre 2016 de modernisation de la justice du XXIe siècle, préalablement à l'engagement de l'action de groupe mentionnée à l'article <a href='/affichCodeArticle.do?cidTexte=LEGITEXT000006072050&idArticle=LEGIARTI000033437828&dateTexte=&categorieLien=cid'>L. 1134-7</a>, les personnes mentionnées au même article L. 1134-7 demandent à l'employeur, par tout moyen conférant date certaine à cette demande, de faire cesser la situation de discrimination collective alléguée.</p><p align='left'>Dans un délai d'un mois à compter de la réception de cette demande, l'employeur en informe le comité social et économique, ainsi que les organisations syndicales représentatives dans l'entreprise. A la demande du comité social et économique, ou à la demande d'une organisation syndicale représentative, l'employeur engage une discussion sur les mesures permettant de faire cesser la situation de discrimination collective alléguée.</p><p align='left'>L'action de groupe engagée pour la défense des intérêts de plusieurs candidats à un emploi, à un stage ou à une période de formation en entreprise ou de plusieurs salariés peut être introduite à l'expiration d'un délai de six mois à compter de la demande tendant à faire cesser la situation de discrimination collective alléguée ou à compter de la notification par l'employeur du rejet de la demande.</p><p></p>",,2013265919,VIGUEUR,,1514764800000,32472144000000,2023-12-15,
LEGIARTI000033437834,LEGITEXT000006072050,L1134-10,"[""Partie législative"", ""Première partie : Les relations individuelles de travail"", ""Livre Ier : Dispositions préliminaires"", ""Titre III : Discriminations"", ""Chapitre IV : Actions en justice."", ""Section 2 : Dispositions spécifiques à l'action de groupe""]","<p align='left'>Lorsque l'action tend à la réparation des préjudices subis, elle s'exerce dans le cadre de la procédure individuelle de réparation définie au chapitre Ier du titre V de la <a href='/affichTexte.do?cidTexte=JORFTEXT000033418805&categorieLien=cid'>loi n° 2016-1547 du 18 novembre 2016</a> de modernisation de la justice du XXIe siècle. <br/>Le   tribunal judiciaire connaît des demandes en réparation des préjudices subis du fait de la discrimination auxquelles l'employeur n'a pas fait droit.</p>",,2080374783,VIGUEUR,,1577836800000,32472144000000,2023-12-15,
LEGIARTI000006900800,LEGITEXT000006072050,L1141-1,"[""Partie législative"", ""Première partie : Les relations individuelles de travail"", ""Livre Ier : Dispositions préliminaires"", ""Titre IV : Egalité professionnelle entre les femmes et les hommes"", ""Chapitre Ier : Champ d'application.""]",<p>Les dispositions du présent titre sont applicables aux employeurs de droit privé ainsi qu'à leurs salariés.</p><p>Elles sont également applicables au personnel des personnes publiques employé dans les conditions du droit privé.</p>,,42949,VIGUEUR,,1209600000000,32472144000000,2023-12-15,
LEGIARTI000006900801,LEGITEXT000006072050,L1142-1,"[""Partie législative"", ""Première partie : Les relations individuelles de travail"", ""Livre Ier : Dispositions préliminaires"", ""Titre IV : Egalité professionnelle entre les femmes et les hommes"", ""Chapitre II : Dispositions générales.""]","<p>Sous réserve des dispositions particulières du présent code, nul ne peut :</p><p>1° Mentionner ou faire mentionner dans une offre d'emploi le sexe ou la situation de famille du candidat recherché. Cette interdiction est applicable pour toute forme de publicité relative à une embauche et quels que soient les caractères du contrat de travail envisagé ;</p><p>2° Refuser d'embaucher une personne, prononcer une mutation, résilier ou refuser de renouveler le contrat de travail d'un salarié en considération du sexe, de la situation de famille ou de la grossesse sur la base de critères de choix différents selon le sexe, la situation de famille ou la grossesse ;</p><p>3° Prendre en considération du sexe ou de la grossesse toute mesure, notamment en matière de rémunération, de formation, d'affectation, de qualification, de classification, de promotion professionnelle ou de mutation.</p>",,42949,VIGUEUR,,1209600000000,32472144000000,2023-12-15,
LEGIARTI000006900802,LEGITEXT000006072050,L1142-2,"[""Partie législative"", ""Première partie : Les relations individuelles de travail"", ""Livre Ier : Dispositions préliminaires"", ""Titre IV : Egalité professionnelle entre les femmes et les hommes"", ""Chapitre II : Dispositions générales.""]","<p>Lorsque l'appartenance à l'un ou l'autre sexe répond à une exigence professionnelle essentielle et déterminante et pour autant que l'objectif soit légitime et l'exigence proportionnée, les interdictions prévues à l'article <a href='/affichCodeArticle.do?cidTexte=LEGITEXT000006072050&idArticle=LEGIARTI000006900801&dateTexte=&categorieLien=cid'>L. 1142-1</a> ne sont pas applicables. </p><p>Un décret en Conseil d'Etat détermine, après avis des organisations d'employeurs et de salariés représentatives au niveau national, la liste des emplois et des activités professionnelles pour l'exercice desquels l'appartenance à l'un ou l'autre sexe constitue la condition déterminante. Cette liste est révisée périodiquement.</p>",,85898,VIGUEUR,,1212019200000,32472144000000,2023-12-15,
LEGIARTI000031072444,LEGITEXT000006072050,L1142-2-1,"[""Partie législative"", ""Première partie : Les relations individuelles de travail"", ""Livre Ier : Dispositions préliminaires"", ""Titre IV : Egalité professionnelle entre les femmes et les hommes"", ""Chapitre II : Dispositions générales.""]","Nul ne doit subir d'agissement sexiste, défini comme tout agissement lié au sexe d'une personne, ayant pour objet ou pour effet de porter atteinte à sa dignité ou de créer un environnement intimidant, hostile, dégradant, humiliant ou offensant.",,107372,VIGUEUR,,1439942400000,32472144000000,2023-12-15,
LEGIARTI000006900803,LEGITEXT000006072050,L1142-3,"[""Partie législative"", ""Première partie : Les relations individuelles de travail"", ""Livre Ier : Dispositions préliminaires"", ""Titre IV : Egalité professionnelle entre les femmes et les hommes"", ""Chapitre II : Dispositions générales.""]","<p>Est nulle toute clause d'une convention ou d'un accord collectif de travail ou d'un contrat de travail qui réserve le bénéfice d'une mesure quelconque, à un ou des salariés, en considération du sexe.</p><p>Toutefois, ces dispositions ne sont pas applicables lorsque cette clause a pour objet l'application des dispositions relatives : </p><p>1° A la protection de la grossesse et de la maternité, prévues aux <a href='/affichCodeArticle.do?cidTexte=LEGITEXT000006072050&idArticle=LEGIARTI000006900880&dateTexte=&categorieLien=cid'>articles L. 1225-1 à L. 1225-28 </a>; </p><p>2° A l'interdiction d'emploi prénatal et postnatal, prévues à <a href='/affichCodeArticle.do?cidTexte=LEGITEXT000006072050&idArticle=LEGIARTI000006900910&dateTexte=&categorieLien=cid'>l'article L. 1225-29 ; </a></p><p>3° A l'allaitement, prévues aux <a href='/affichCodeArticle.do?cidTexte=LEGITEXT000006072050&idArticle=LEGIARTI000006900911&dateTexte=&categorieLien=cid'>articles L. 1225-30 à L. 1225-33 </a>; </p><p>4° A la démission de la salariée en état de grossesse médicalement constaté, prévues à <a href='/affichCodeArticle.do?cidTexte=LEGITEXT000006072050&idArticle=LEGIARTI000006900916&dateTexte=&categorieLien=cid'>l'article L. 1225-34 </a>; </p><p>5° Au congé de paternité et d'accueil de l'enfant, prévues aux <a href='/affichCodeArticle.do?cidTexte=LEGITEXT000006072050&idArticle=LEGIARTI000006900917&dateTexte=&categorieLien=cid'>articles L. 1225-35 et L. 1225-36 ; </a></p><p>6° Au congé d'adoption, prévues aux <a href='/affichCodeArticle.do?cidTexte=LEGITEXT000006072050&idArticle=LEGIARTI000006900919&dateTexte=&categorieLien=cid'>articles L. 1225-37 à L. 1225-45.</a></p>",,128847,VIGUEUR,,1355875200000,32472144000000,2023-12-15,
LEGIARTI000006900804,LEGITEXT000006072050,L1142-4,"[""Partie législative"", ""Première partie : Les relations individuelles de travail"", ""Livre Ier : Dispositions préliminaires"", ""Titre IV : Egalité professionnelle entre les femmes et les hommes"", ""Chapitre II : Dispositions générales.""]","<p>Les dispositions des <a href='/affichCodeArticle.do?cidTexte=LEGITEXT000006072050&idArticle=LEGIARTI000006900801&dateTexte=&categorieLien=cid' title='Code du travail - art. L1142-1 (V)'>articles L. 1142-1 </a>et <a href='/affichCodeArticle.do?cidTexte=LEGITEXT000006072050&idArticle=LEGIARTI000006900803&dateTexte=&categorieLien=cid' title='Code du travail - art. L1142-3 (V)'>L. 1142-3</a> ne font pas obstacle à l'intervention de mesures temporaires prises au seul bénéfice des femmes visant à établir l'égalité des chances entre les femmes et les hommes, en particulier en remédiant aux inégalités de fait qui affectent les chances des femmes.</p><p>Ces mesures résultent :</p><p>1° Soit de dispositions réglementaires prises dans les domaines du recrutement, de la formation, de la promotion, de l'organisation et des conditions de travail ;</p><p>2° Soit de stipulations de conventions de branches étendues ou d'accords collectifs étendus ;</p><p>3° Soit de l'application du plan pour l'égalité professionnelle entre les femmes et les hommes.</p>",,171796,VIGUEUR,,1209600000000,32472144000000,2023-12-15,
LEGIARTI000006900806,LEGITEXT000006072050,L1142-5,"[""Partie législative"", ""Première partie : Les relations individuelles de travail"", ""Livre Ier : Dispositions préliminaires"", ""Titre IV : Egalité professionnelle entre les femmes et les hommes"", ""Chapitre II : Dispositions générales.""]",<p>Il incombe à l'employeur de prendre en compte les objectifs en matière d'égalité professionnelle entre les femmes et les hommes dans l'entreprise et les mesures permettant de les atteindre : </p><p></p><p>1° Dans les entreprises dépourvues de délégué syndical ; </p><p></p><p>2° Dans les entreprises non soumises à l'obligation de négocier en application des articles <a href='/affichCodeArticle.do?cidTexte=LEGITEXT000006072050&idArticle=LEGIARTI000006901709&dateTexte=&categorieLien=cid'>L. 2232-21 </a>et <a href='/affichCodeArticle.do?cidTexte=LEGITEXT000006072050&idArticle=LEGIARTI000006901712&dateTexte=&categorieLien=cid'>L. 2232-24</a> ; </p><p></p><p>3° Dans les entreprises non couvertes par une convention ou un accord de branche étendu relatif à l'égalité salariale entre les femmes et les hommes.</p><p></p>,,214745,VIGUEUR,,1219363200000,32472144000000,2023-12-15,
LEGIARTI000006900807,LEGITEXT000006072050,L1142-6,"[""Partie législative"", ""Première partie : Les relations individuelles de travail"", ""Livre Ier : Dispositions préliminaires"", ""Titre IV : Egalité professionnelle entre les femmes et les hommes"", ""Chapitre II : Dispositions générales.""]","<p>Dans les lieux de travail ainsi que dans les locaux ou à la porte des locaux où se fait l'embauche, les personnes mentionnées à l'article <a href='/affichCodeArticle.do?cidTexte=LEGITEXT000006072050&idArticle=LEGIARTI000006900787&dateTexte=&categorieLien=cid' title='Code du travail - art. L1132-1 (V)'>L. 1132-1 </a>sont informées par tout moyen du texte des articles <a href='/affichCodeArticle.do?cidTexte=LEGITEXT000006070719&idArticle=LEGIARTI000006417828&dateTexte=&categorieLien=cid' title='Code pénal - art. 225-1 (V)'>225-1 </a>à <a href='/affichCodeArticle.do?cidTexte=LEGITEXT000006070719&idArticle=LEGIARTI000006417839&dateTexte=&categorieLien=cid' title='Code pénal - art. 225-4 (V)'>225-4</a> du code pénal.</p>",,257694,VIGUEUR,,1403913600000,32472144000000,2023-12-15,
LEGIARTI000037379275,LEGITEXT000006072050,L1142-7,"[""Partie législative"", ""Première partie : Les relations individuelles de travail"", ""Livre Ier : Dispositions préliminaires"", ""Titre IV : Egalité professionnelle entre les femmes et les hommes"", ""Chapitre II bis : Mesures visant à supprimer les écarts de rémunération entre les femmes et les hommes dans l'entreprise et à assurer une répartition équilibrée de chaque sexe parmi les cadres dirigeants et les membres des instances dirigeantes""]",<p>L'employeur prend en compte un objectif de suppression des écarts de rémunération entre les femmes et les hommes.</p>,,1073741823,VIGUEUR,,1546300800000,32472144000000,2023-12-15,
LEGIARTI000037379277,LEGITEXT000006072050,L1142-8,"[""Partie législative"", ""Première partie : Les relations individuelles de travail"", ""Livre Ier : Dispositions préliminaires"", ""Titre IV : Egalité professionnelle entre les femmes et les hommes"", ""Chapitre II bis : Mesures visant à supprimer les écarts de rémunération entre les femmes et les hommes dans l'entreprise et à assurer une répartition équilibrée de chaque sexe parmi les cadres dirigeants et les membres des instances dirigeantes""]","<p>Dans les entreprises d'au moins cinquante salariés, l'employeur publie chaque année l'ensemble des indicateurs relatifs aux écarts de rémunération entre les femmes et les hommes et aux actions mises en œuvre pour les supprimer, selon des modalités et une méthodologie définies par décret. Par dérogation aux articles <a href='/affichCodeArticle.do?cidTexte=LEGITEXT000031366350&idArticle=LEGIARTI000031367716&dateTexte=&categorieLien=cid' title='Code des relations entre le public et l'adminis... - art. L311-6 (M)'>L. 311-6</a> et <a href='/affichCodeArticle.do?cidTexte=LEGITEXT000031366350&idArticle=LEGIARTI000033205514&dateTexte=&categorieLien=cid' title='Code des relations entre le public et l'adminis... - art. L312-1-2 (V)'>L. 312-1-2</a> du code des relations entre le public et l'administration, l'ensemble de ces indicateurs est rendu public sur le site internet du ministère chargé du travail, dans des conditions déterminées par décret.</p><p></p><p></p>",,1610612735,VIGUEUR,,1640563200000,32472144000000,2023-12-15,
LEGIARTI000037379279,LEGITEXT000006072050,L1142-9,"[""Partie législative"", ""Première partie : Les relations individuelles de travail"", ""Livre Ier : Dispositions préliminaires"", ""Titre IV : Egalité professionnelle entre les femmes et les hommes"", ""Chapitre II bis : Mesures visant à supprimer les écarts de rémunération entre les femmes et les hommes dans l'entreprise et à assurer une répartition équilibrée de chaque sexe parmi les cadres dirigeants et les membres des instances dirigeantes""]","<p>Dans les entreprises d'au moins cinquante salariés, lorsque les résultats obtenus par l'entreprise au regard des indicateurs mentionnés à l'article <a href='/affichCodeArticle.do?cidTexte=LEGITEXT000006072050&idArticle=LEGIARTI000037379277&dateTexte=&categorieLien=cid'>L. 1142-8 </a>se situent en-deçà d'un niveau défini par décret, la négociation sur l'égalité professionnelle prévue au 2° de l'article <a href='/affichCodeArticle.do?cidTexte=LEGITEXT000006072050&idArticle=LEGIARTI000006901751&dateTexte=&categorieLien=cid'>L. 2242-1 </a>porte également sur les mesures adéquates et pertinentes de correction et, le cas échéant, sur la programmation, annuelle ou pluriannuelle, de mesures financières de rattrapage salarial. En l'absence d'accord prévoyant de telles mesures, celles-ci sont déterminées par décision de l'employeur, après consultation du comité social et économique. La décision est déposée auprès de l'autorité administrative dans les mêmes conditions que le plan d'action mentionné à l'article <a href='/affichCodeArticle.do?cidTexte=LEGITEXT000006072050&idArticle=LEGIARTI000006901753&dateTexte=&categorieLien=cid'>L. 2242-3</a>. L'autorité administrative peut présenter des observations sur les mesures prévues par l'accord ou la décision de l'employeur.</p><p>L'employeur soumis à l'obligation prévue au premier alinéa du présent article publie, par une communication externe et au sein de l'entreprise, les mesures de correction, selon des modalités définies par décret.</p>",,1879048191,VIGUEUR,,1640563200000,32472144000000,2023-12-15,
LEGIARTI000044566233,LEGITEXT000006072050,L1142-9-1,"[""Partie législative"", ""Première partie : Les relations individuelles de travail"", ""Livre Ier : Dispositions préliminaires"", ""Titre IV : Egalité professionnelle entre les femmes et les hommes"", ""Chapitre II bis : Mesures visant à supprimer les écarts de rémunération entre les femmes et les hommes dans l'entreprise et à assurer une répartition équilibrée de chaque sexe parmi les cadres dirigeants et les membres des instances dirigeantes""]","<p>Lorsque les résultats obtenus par l'entreprise au regard des indicateurs mentionnés à l'article <a href='/affichCodeArticle.do?cidTexte=LEGITEXT000006072050&idArticle=LEGIARTI000037379277&dateTexte=&categorieLien=cid' title='Code du travail - art. L1142-8 (V)'>L. 1142-8</a> se situent en deçà d'un niveau défini par décret, l'employeur fixe et publie les objectifs de progression de chacun de ces indicateurs, selon les modalités prévues aux articles <a href='/affichCodeArticle.do?cidTexte=LEGITEXT000006072050&idArticle=LEGIARTI000006901751&dateTexte=&categorieLien=cid'>L. 2242-1 </a>et <a href='/affichCodeArticle.do?cidTexte=LEGITEXT000006072050&idArticle=LEGIARTI000006901753&dateTexte=&categorieLien=cid'>L. 2242-3 </a>et dans des conditions définies par le même décret.</p>",,1946157055,VIGUEUR,,1640563200000,32472144000000,2023-12-15,
LEGIARTI000037379281,LEGITEXT000006072050,L1142-10,"[""Partie législative"", ""Première partie : Les relations individuelles de travail"", ""Livre Ier : Dispositions préliminaires"", ""Titre IV : Egalité professionnelle entre les femmes et les hommes"", ""Chapitre II bis : Mesures visant à supprimer les écarts de rémunération entre les femmes et les hommes dans l'entreprise et à assurer une répartition équilibrée de chaque sexe parmi les cadres dirigeants et les membres des instances dirigeantes""]","<p>Dans les entreprises d'au moins cinquante salariés, lorsque les résultats obtenus par l'entreprise, au regard des indicateurs mentionnés à l'article <a href='/affichCodeArticle.do?cidTexte=LEGITEXT000006072050&idArticle=LEGIARTI000037379277&dateTexte=&categorieLien=cid' title='Code du travail - art. L1142-8 (VD)'>L. 1142-8</a>, se situent en deçà d'un niveau défini par décret, l'entreprise dispose d'un délai de trois ans pour se mettre en conformité. A l'expiration de ce délai, si les résultats obtenus sont toujours en deçà du niveau défini par décret, l'employeur peut se voir appliquer une pénalité financière. Dès lors qu'une pénalité lui est appliquée sur le fondement du présent alinéa, l'employeur ne peut se voir appliquer la pénalité financière prévue à l'article <a href='/affichCodeArticle.do?cidTexte=LEGITEXT000006072050&idArticle=LEGIARTI000006901758&dateTexte=&categorieLien=cid' title='Code du travail - art. L2242-8 (V)'>L. 2242-8</a>. <br/><br/>Le montant de la pénalité prévue au premier alinéa du présent article est fixé au maximum à 1 % des rémunérations et gains au sens du premier alinéa de l'article <a href='/affichCodeArticle.do?cidTexte=LEGITEXT000006073189&idArticle=LEGIARTI000006741953&dateTexte=&categorieLien=cid' title='Code de la sécurité sociale. - art. L242-1 (V)'>L. 242-1 </a>du code de la sécurité sociale et du premier alinéa de l'article <a href='/affichCodeArticle.do?cidTexte=LEGITEXT000006071367&idArticle=LEGIARTI000006585682&dateTexte=&categorieLien=cid' title='Code rural - art. L741-10 (V)'>L. 741-10 </a>du code rural et de la pêche maritime versés aux travailleurs salariés ou assimilés au cours de l'année civile précédant l'expiration du délai mentionné au premier alinéa du présent article. Le montant est fixé par l'autorité administrative, dans des conditions prévues par décret. En fonction des efforts constatés dans l'entreprise en matière d'égalité salariale entre les femmes et les hommes ainsi que des motifs de sa défaillance, un délai supplémentaire d'un an peut lui être accordé pour se mettre en conformité. <br/><br/>Le produit de cette pénalité est affecté au fonds mentionné à l'article <a href='/affichCodeArticle.do?cidTexte=LEGITEXT000006073189&idArticle=LEGIARTI000006740165&dateTexte=&categorieLien=cid' title='Code de la sécurité sociale. - art. L135-1 (V)'>L. 135-1</a> du code de la sécurité sociale.</p>",,2013265919,VIGUEUR,,1546300800000,32472144000000,2023-12-15,
LEGIARTI000044566467,LEGITEXT000006072050,L1142-11,"[""Partie législative"", ""Première partie : Les relations individuelles de travail"", ""Livre Ier : Dispositions préliminaires"", ""Titre IV : Egalité professionnelle entre les femmes et les hommes"", ""Chapitre II bis : Mesures visant à supprimer les écarts de rémunération entre les femmes et les hommes dans l'entreprise et à assurer une répartition équilibrée de chaque sexe parmi les cadres dirigeants et les membres des instances dirigeantes""]","<p>Dans les entreprises qui, pour le troisième exercice consécutif, emploient au moins mille salariés, l'employeur publie chaque année les écarts éventuels de représentation entre les femmes et les hommes parmi les cadres dirigeants au sens de l'article L. 3111-2 du présent code, d'une part, et les membres des instances dirigeantes définies à l'article L. 23-12-1 du code de commerce, d'autre part.<br/><br/>
Par dérogation aux articles <a href='/affichCodeArticle.do?cidTexte=LEGITEXT000031366350&idArticle=LEGIARTI000031367716&dateTexte=&categorieLien=cid'>L. 311-6</a> et <a href='/affichCodeArticle.do?cidTexte=LEGITEXT000031366350&idArticle=LEGIARTI000033205514&dateTexte=&categorieLien=cid'>L. 312-1-2</a> du code des relations entre le public et l'administration, ces écarts de représentation sont rendus publics sur le site internet du ministère chargé du travail, dans des conditions définies par décret.<br/><br/>
La proportion de personnes de chaque sexe au sein de chacun des ensembles mentionnés au premier alinéa du présent article ne peut être inférieure à 40 %.</p>",,2080374783,VIGUEUR,,1867017600000,32472144000000,2023-12-15,
LEGIARTI000006900808,LEGITEXT000006072050,L1143-1,"[""Partie législative"", ""Première partie : Les relations individuelles de travail"", ""Livre Ier : Dispositions préliminaires"", ""Titre IV : Egalité professionnelle entre les femmes et les hommes"", ""Chapitre III : Plan et contrat pour l'égalité professionnelle"", ""Section unique : Plan pour l'égalité professionnelle.""]","<p>Pour assurer l'égalité professionnelle entre les femmes et les hommes, les mesures visant à établir l'égalité des chances prévues à <a href='/affichCodeArticle.do?cidTexte=LEGITEXT000006072050&idArticle=LEGIARTI000006900804&dateTexte=&categorieLien=cid'>l'article L. 1142-4 </a>peuvent faire l'objet d'un plan pour l'égalité professionnelle négocié dans l'entreprise. </p><p>Ces mesures sont prises au vu notamment des données mentionnées au 1° bis de <a href='/affichCodeArticle.do?cidTexte=LEGITEXT000006072050&idArticle=LEGIARTI000006901938&dateTexte=&categorieLien=cid' title='Code du travail - art. L2323-8 (VT)'>l'article L. 2323-8</a>.</p>",,42949,VIGUEUR,,1451606400000,32472144000000,2023-12-15,
LEGIARTI000006900809,LEGITEXT000006072050,L1143-2,"[""Partie législative"", ""Première partie : Les relations individuelles de travail"", ""Livre Ier : Dispositions préliminaires"", ""Titre IV : Egalité professionnelle entre les femmes et les hommes"", ""Chapitre III : Plan et contrat pour l'égalité professionnelle"", ""Section unique : Plan pour l'égalité professionnelle.""]","<p></p>Si, au terme de la négociation, aucun accord n'est intervenu, l'employeur peut mettre en oeuvre le plan pour l'égalité professionnelle, sous réserve d'avoir préalablement consulté et recueilli l'avis du             comité social et économique.<p></p><p></p>",,85898,VIGUEUR,,1514764800000,32472144000000,2023-12-15,
LEGIARTI000006900810,LEGITEXT000006072050,L1143-3,"[""Partie législative"", ""Première partie : Les relations individuelles de travail"", ""Livre Ier : Dispositions préliminaires"", ""Titre IV : Egalité professionnelle entre les femmes et les hommes"", ""Chapitre III : Plan et contrat pour l'égalité professionnelle"", ""Section unique : Plan pour l'égalité professionnelle.""]","<p></p>   Le plan pour l'égalité professionnelle s'applique, sauf si l'autorité administrative s'y oppose, dans des conditions déterminées par voie réglementaire.<p></p><p></p>",,128847,VIGUEUR,,1209600000000,32472144000000,2023-12-15,
LEGIARTI000006900811,LEGITEXT000006072050,L1144-1,"[""Partie législative"", ""Première partie : Les relations individuelles de travail"", ""Livre Ier : Dispositions préliminaires"", ""Titre IV : Egalité professionnelle entre les femmes et les hommes"", ""Chapitre IV : Actions en justice.""]","<p>Lorsque survient un litige relatif à l'application des dispositions des articles <a href='/affichCodeArticle.do?cidTexte=LEGITEXT000006072050&idArticle=LEGIARTI000006900801&dateTexte=&categorieLien=cid' title='Code du travail - art. L1142-1 (V)'>L. 1142-1 </a>et <a href='/affichCodeArticle.do?cidTexte=LEGITEXT000006072050&idArticle=LEGIARTI000006900802&dateTexte=&categorieLien=cid' title='Code du travail - art. L1142-2 (V)'>L. 1142-2</a>, le candidat à un emploi, à un stage ou à une période de formation ou le salarié présente des éléments de fait laissant supposer l'existence d'une discrimination, directe ou indirecte, fondée sur le sexe, la situation de famille ou la grossesse. </p><p>Au vu de ces éléments, il incombe à la partie défenderesse de prouver que sa décision est justifiée par des éléments objectifs étrangers à toute discrimination. </p><p>Le juge forme sa conviction après avoir ordonné, en cas de besoin, toutes les mesures d'instruction qu'il estime utiles.</p>",,42949,VIGUEUR,,1209600000000,32472144000000,2023-12-15,
LEGIARTI000006900812,LEGITEXT000006072050,L1144-2,"[""Partie législative"", ""Première partie : Les relations individuelles de travail"", ""Livre Ier : Dispositions préliminaires"", ""Titre IV : Egalité professionnelle entre les femmes et les hommes"", ""Chapitre IV : Actions en justice.""]","<p>Les organisations syndicales représentatives au niveau national ou dans l'entreprise peuvent exercer en justice toutes actions résultant de l'application des <a href='/affichCodeArticle.do?cidTexte=LEGITEXT000006072050&idArticle=LEGIARTI000006902818&dateTexte=&categorieLien=cid' title='Code du travail - art. L3221-2 (V)'>articles L. 3221-2 à L. 3221-7</a>, relatifs à l'égalité de rémunération entre les femmes et les hommes.</p><p>Elles peuvent exercer ces actions en faveur d'un candidat à un emploi, à un stage ou à une période de formation ou d'un salarié.</p><p>L'organisation syndicale n'a pas à justifier d'un mandat de l'intéressé. Il suffit que celui-ci ait été averti par écrit de cette action et ne s'y soit pas opposé dans un délai de quinze jours à compter de la date à laquelle l'organisation syndicale lui a notifié son intention d'agir.</p><p>L'intéressé peut toujours intervenir à l'instance engagée par le syndicat.</p>",,85898,VIGUEUR,,1209600000000,32472144000000,2023-12-15,
LEGIARTI000006900813,LEGITEXT000006072050,L1144-3,"[""Partie législative"", ""Première partie : Les relations individuelles de travail"", ""Livre Ier : Dispositions préliminaires"", ""Titre IV : Egalité professionnelle entre les femmes et les hommes"", ""Chapitre IV : Actions en justice.""]","<p>Est nul et de nul effet le licenciement d'un salarié faisant suite à une action en justice engagée par ce salarié ou en sa faveur sur le fondement des dispositions relatives à l'égalité professionnelle entre les femmes et les hommes lorsqu'il est établi que le licenciement n'a pas de cause réelle et sérieuse et constitue en réalité une mesure prise par l'employeur en raison de cette action en justice. Dans ce cas, la réintégration est de droit et le salarié est considéré comme n'ayant jamais cessé d'occuper son emploi. </p><p>Lorsque le salarié refuse de poursuivre l'exécution du contrat de travail, les dispositions de l'<a href='/affichCodeArticle.do?cidTexte=LEGITEXT000006072050&idArticle=LEGIARTI000033014237&dateTexte=&categorieLien=cid' title='Code du travail - art. L1235-3-1 (V)'>article L. 1235-3-1</a> sont applicables.</p><p></p>",,128847,VIGUEUR,,1506211200000,32472144000000,2023-12-15,
LEGIARTI000033003025,LEGITEXT000006072050,L1145-1,"[""Partie législative"", ""Première partie : Les relations individuelles de travail"", ""Livre Ier : Dispositions préliminaires"", ""Titre IV : Egalité professionnelle entre les femmes et les hommes"", ""Chapitre V : Instances concourant à l'égalité professionnelle""]",<p align='left'>Le Conseil supérieur de l'égalité professionnelle entre les femmes et les hommes participe à la définition et à la mise en œuvre de la politique menée en matière d'égalité professionnelle entre les femmes et les hommes. <br/><br/> Un décret en Conseil d'Etat détermine les conditions d'application du présent article. </p>,,1073741823,ABROGE,,1470787200000,1607472000000,2023-12-15,
LEGIARTI000006900814,LEGITEXT000006072050,L1146-1,"[""Partie législative"", ""Première partie : Les relations individuelles de travail"", ""Livre Ier : Dispositions préliminaires"", ""Titre IV : Egalité professionnelle entre les femmes et les hommes"", ""Chapitre VI : Dispositions pénales.""]","<p>Le fait de méconnaître les dispositions relatives à l'égalité professionnelle entre les femmes et les hommes, prévues par les articles <a href='/affichCodeArticle.do?cidTexte=LEGITEXT000006072050&idArticle=LEGIARTI000006900801&dateTexte=&categorieLien=cid' title='Code du travail - art. L1142-1 (V)'>L. 1142-1 </a>et <a href='/affichCodeArticle.do?cidTexte=LEGITEXT000006072050&idArticle=LEGIARTI000006900802&dateTexte=&categorieLien=cid' title='Code du travail - art. L1142-2 (V)'>L. 1142-2</a>, est puni d'un emprisonnement d'un an et d'une amende de 3 750 Euros. </p><p>La juridiction peut également ordonner, à titre de peine complémentaire, l'affichage du jugement aux frais de la personne condamnée dans les conditions prévues à <a href='/affichCodeArticle.do?cidTexte=LEGITEXT000006070719&idArticle=LEGIARTI000006417308&dateTexte=&categorieLien=cid' title='Code pénal - art. 131-35 (V)'>l'article 131-35 </a>du code pénal et son insertion, intégrale ou par extraits, dans les journaux qu'elle désigne. Ces frais ne peuvent excéder le montant maximum de l'amende encourue.</p>",,42949,VIGUEUR,,1209600000000,32472144000000,2023-12-15,
LEGIARTI000006900815,LEGITEXT000006072050,L1146-2,"[""Partie législative"", ""Première partie : Les relations individuelles de travail"", ""Livre Ier : Dispositions préliminaires"", ""Titre IV : Egalité professionnelle entre les femmes et les hommes"", ""Chapitre VI : Dispositions pénales.""]","<p></p>Les dispositions des <a href='/affichCodeArticle.do?cidTexte=LEGITEXT000006070719&idArticle=LEGIARTI000006417472&dateTexte=&categorieLien=cid'>articles 132-58 à 132-62 </a>du code pénal, relatives à l'ajournement du prononcé de la peine, sont applicables en cas de poursuites pour infraction aux dispositions des articles <a href='/affichCodeArticle.do?cidTexte=LEGITEXT000006072050&idArticle=LEGIARTI000006900801&dateTexte=&categorieLien=cid' title='Code du travail - art. L1142-1 (V)'>L. 1142-1 </a>et <a href='/affichCodeArticle.do?cidTexte=LEGITEXT000006072050&idArticle=LEGIARTI000006900802&dateTexte=&categorieLien=cid' title='Code du travail - art. L1142-2 (V)'>L. 1142-2</a>, sous réserve des mesures particulières suivantes : <p></p><p></p>1° L'ajournement comporte injonction à l'employeur de définir, après consultation du comité social et économique, et dans un délai déterminé, les mesures propres à assurer dans l'entreprise en cause le rétablissement de l'égalité professionnelle entre les femmes et les hommes ; <p></p><p></p>2° L'ajournement peut également comporter injonction à l'employeur d'exécuter dans le même délai les mesures définies. <p></p><p></p>La juridiction peut ordonner l'exécution provisoire de sa décision.<p></p>",,85898,VIGUEUR,,1514764800000,32472144000000,2023-12-15,